{
  "colorScheme": "light",
  "fonts": [
    {
      "family": "sans-serif",
      "count": 119
    },
    {
      "family": "Altone",
      "count": 80
    },
    {
      "family": "-apple-system",
      "count": 39
    },
    {
      "family": "BlinkMacSystemFont",
      "count": 39
    },
    {
      "family": "Segoe UI",
      "count": 39
    },
    {
      "family": "Roboto",
      "count": 39
    },
    {
      "family": "Helvetica Neue",
      "count": 39
    },
    {
      "family": "Arial",
      "count": 39
    },
    {
      "family": "Noto Sans",
      "count": 39
    },
    {
      "family": "Apple Color Emoji",
      "count": 39
    }
  ],
  "colors": {
    "primary": "#3C0090",
    "accent": "#1E0151",
    "background": "#FFFFFF",
    "textPrimary": "#1E0151",
    "link": "#1E0151"
  },
  "typography": {
    "fontFamilies": {
      "primary": "-apple-system",
      "heading": "Altone"
    },
    "fontStacks": {
      "body": [
        "-apple-system",
        "BlinkMacSystemFont",
        "Segoe UI",
        "Roboto",
        "Helvetica Neue",
        "Arial",
        "Noto Sans",
        "sans-serif",
        "Apple Color Emoji",
        "Segoe UI Emoji",
        "Segoe UI Symbol",
        "Noto Color Emoji"
      ],
      "heading": [
        "Altone",
        "sans-serif"
      ],
      "paragraph": [
        "Altone",
        "sans-serif"
      ]
    },
    "fontSizes": {
      "h1": "52px",
      "h2": "56px",
      "body": "17px"
    }
  },
  "spacing": {
    "baseUnit": 4,
    "borderRadius": "8px"
  },
  "components": {
    "input": {
      "background": "transparent",
      "textColor": "#FFFFFF",
      "borderColor": "#FFFFFF",
      "borderRadius": "50px",
      "borderRadiusCorners": {
        "topLeft": "50px",
        "topRight": "50px",
        "bottomRight": "50px",
        "bottomLeft": "50px"
      },
      "shadow": "none"
    }
  },
  "images": {
    "logo": "https://wisecx.com/wp-content/uploads/2025/07/nuevo-logo-blanco.svg",
    "favicon": "https://wisecx.com/wp-content/uploads/2025/08/cropped-cropped-favicon-512-colored-32x32.png",
    "ogImage": null
  },
  "__framework_hints": [
    "WordPress 6.9"
  ],
  "__llm_logo_reasoning": {
    "selectedIndex": 0,
    "reasoning": "Strong indicators: header logo linking to homepage, header location, visible, src contains logo, class contains logo, reasonable size. Score: 100 (clear winner by 62 points)",
    "confidence": 0.9
  },
  "__llm_button_reasoning": {
    "primary": {
      "index": -1,
      "text": "N/A",
      "reasoning": "LLM failed"
    },
    "secondary": {
      "index": -1,
      "text": "N/A",
      "reasoning": "LLM failed"
    },
    "confidence": 0
  },
  "confidence": {
    "buttons": 0,
    "colors": 0,
    "overall": 0
  }
}